,accuracy,loss,val_accuracy,val_loss,learning_rate
0,0.24869337677955627,2020.48779296875,0.2857142984867096,2023.9964599609375,9.999999747378752e-06
1,0.27221253514289856,2020.48779296875,0.2857142984867096,2023.9964599609375,1.1220184205740225e-05
2,0.2373693436384201,2020.48779296875,0.2857142984867096,2023.9964599609375,1.2589253856276628e-05
3,0.22952961921691895,2020.48779296875,0.2891986072063446,2023.9964599609375,1.4125375855655875e-05
4,0.253484308719635,2020.48779296875,0.2926829159259796,2023.9964599609375,1.5848931070649996e-05
5,0.2356271743774414,2020.48779296875,0.30662021040916443,2023.9964599609375,1.778279329300858e-05
